,Unnamed: 0,id,text,time_stamp
541200,541200,2200003196,@chrishasboobs AHHH I HOPE YOUR OK!!! ,Tue Jun 16 18:18:12 PDT 2009
750,750,1467998485,"@misstoriblack cool , i have no tweet apps  for my razr 2",Mon Apr 06 23:11:14 PDT 2009
766711,766711,2300048954,"@TiannaChaos i know  just family drama. its lame.hey next time u hang out with kim n u guys like have a sleepover or whatever, ill call u",Tue Jun 23 13:40:11 PDT 2009
285055,285055,1993474027,School email won't open  and I have geography stuff on there to revise! *Stupid School* :'(,Mon Jun 01 10:26:07 PDT 2009
705995,705995,2256550904,upper airways problem ,Sat Jun 20 12:56:51 PDT 2009
379611,379611,2052380495,Going to miss Pastor's sermon on Faith... ,Sat Jun 06 00:32:16 PDT 2009
1189018,1189018,1983449090,on lunch....dj should come eat with me ,Sun May 31 13:10:36 PDT 2009
667030,667030,2245479748,@piginthepoke oh why are you feeling like that? ,Fri Jun 19 16:11:29 PDT 2009
93541,93541,1770705699,gahh noo!peyton needs to live!this is horrible ,Mon May 11 22:01:32 PDT 2009
1097326,1097326,1970386589,@mrstessyman thank you glad you like it! There is a product review bit on the site  Enjoy knitting it!,Sat May 30 03:39:34 PDT 2009
1380171,1380171,2052206835,@PerezHilton Zach makes me pee sitting down! And I'm a grown gay man! ,Fri Jun 05 23:59:27 PDT 2009
1233933,1233933,1992273171,to sum up my day in one word ......... kackered! ,Mon Jun 01 08:29:05 PDT 2009
1495501,1495501,2069921255,@k9wkj Great minds think alike ,Sun Jun 07 16:46:29 PDT 2009
558391,558391,2204735567,Is Poorly and in bed! ,Wed Jun 17 03:00:02 PDT 2009
820010,820010,1553585468,"@LilPecan Oh, that's really great  Here we have a small blizzard and also cold wind blows...",Sat Apr 18 14:39:59 PDT 2009
986772,986772,1834598659,"@wizely lol, calm down.  i got a 30day loan offer for only 1500% ",Mon May 18 03:32:38 PDT 2009
1586084,1586084,2190762188,"i'm feeling quite sleepy today, wish i could stay in bed today...but OK! is my LAST YEAR, so let's go to school ",Tue Jun 16 03:39:22 PDT 2009
209248,209248,1973926253,@nadalnews Yeah  Mathieu totally choked in the 3rd set to let Rog win as well. Djokovic played TERRIBLY.  ,Sat May 30 12:06:09 PDT 2009
320428,320428,2003334341,"ugh, morning's off to a rough start ",Tue Jun 02 06:20:35 PDT 2009
427095,427095,2063670257,just bit my tongue ,Sun Jun 07 03:36:33 PDT 2009
288475,288475,1994589777,@frandrescher Apparently you dont have time for ur fans!!!!!!!!!! ,Mon Jun 01 12:09:16 PDT 2009
1399246,1399246,2054208245,Whaddup Whaddup Whaddup Whaddup Whaddup  I Got white girl swag from MY HEAD TO MY shOES Whaddup @yungla ,Sat Jun 06 06:49:41 PDT 2009
1042030,1042030,1957149371,"@GogDog I'd be willing to pay $40-50 (thus covering the cost of the set) for one of them, but if you've got a counter offer I'll listen. ",Thu May 28 23:39:25 PDT 2009
1589403,1589403,2191233426,Working on photos from Hillsong's 1 year celebration!!! stay tuned   www.hillsong.co.za,Tue Jun 16 04:49:51 PDT 2009
44848,44848,1676986264,"baby's chicken pox are soo bad on the face, I am afraid she might have scars ",Fri May 01 23:59:22 PDT 2009
625585,625585,2230296290,i don't feel good ,Thu Jun 18 16:54:56 PDT 2009
1084782,1084782,1969042558,@edadkins ha ha I want to see pictures from when you were a minister!!!  *boobie flahses*!!!! ,Fri May 29 22:52:37 PDT 2009
171708,171708,1963325067,This day will pass slowly.  All of these days will.  RAWR!!!!  ... ,Fri May 29 12:33:09 PDT 2009
314466,314466,2001978301,my car is poorly ,Tue Jun 02 02:43:56 PDT 2009
833693,833693,1557804294,im turning 18 one week from now  but i don't feel excited  i really don't know why i've seen my friends  they got excited  but on my part,Sun Apr 19 06:04:37 PDT 2009
977527,977527,1833745318,No woooooork tomorrrow&amp;tuesday ,Mon May 18 00:18:36 PDT 2009
136677,136677,1880147585,Flatmates are still in the bathroom! ARGGH!! ,Fri May 22 00:15:04 PDT 2009
485605,485605,2181196503,I'm having an allergic reaction to silver earings ,Mon Jun 15 11:29:59 PDT 2009
305246,305246,1999945855,"@RocDoogie I am, I'll admit...  maybe I'll feel better tomorrow, yo! Down 4 studio time??",Mon Jun 01 21:06:49 PDT 2009
586991,586991,2216163585,"@jasonhooha Going back to sleep is such a great idea, unfortunately I'm already at work notebook-less ",Wed Jun 17 19:07:16 PDT 2009
491246,491246,2183762428,what is with msn making me click the wrong people. garrrrr ,Mon Jun 15 14:57:09 PDT 2009
215315,215315,1975439689,Too full of fizz but not enough cider ,Sat May 30 15:09:38 PDT 2009
1541646,1541646,2180848798,How to Get Your Ex Back (worked for me  http://bit.ly/ec8qJ,Mon Jun 15 11:01:39 PDT 2009
781492,781492,2323431705,Time to sleep... Long day again tomorrow ,Thu Jun 25 00:37:45 PDT 2009
1569655,1569655,2188435142,Hahaha blakk is reckkkin it. :p throwwwwwed. ,Mon Jun 15 21:53:41 PDT 2009
1178920,1178920,1981659749,Cubs game today! My first ever ,Sun May 31 09:37:27 PDT 2009
1462932,1462932,2064079002,@SuzySpaatz ~ hi! sounds like you're feeling a bit better...that's great! you have a great day! ,Sun Jun 07 05:09:02 PDT 2009
915849,915849,1753196199,@foprof LOL.  Leave a kid on internet and the kid will do stupid things.,Sun May 10 00:31:36 PDT 2009
1312944,1312944,2013719127,eating cha with eric ,Tue Jun 02 23:23:28 PDT 2009
1308729,1308729,2012896491,"@StarJonesEsq On a good note, we DID meet at Marty Richards RED BALL a few years ago, you were so sweet to me I'll never forget it ",Tue Jun 02 21:30:06 PDT 2009
606080,606080,2222469531,My hands are officially tied. I don't think I'll have time for anything anymore  This includes the California meet ,Thu Jun 18 07:01:32 PDT 2009
930710,930710,1770583669,"@Konstantine I said &quot;scar,&quot; sweetie. ",Mon May 11 21:43:17 PDT 2009
139151,139151,1880738950,@CamilleJ it was supposed to go live on tv but it didn't happened in the end  that would have been cool being on the bbc...,Fri May 22 02:19:37 PDT 2009
964048,964048,1827493751,FCK-Br�ndby 4-0! ,Sun May 17 10:49:45 PDT 2009
617079,617079,2226909167,@team_allen jealous!  I'm yet to find a local chinese i'm satisfied with ,Thu Jun 18 12:32:19 PDT 2009
1367838,1367838,2050490807,@BayAreaCheap there r a few of us local yocals around  happy to find u on twitter 2day,Fri Jun 05 18:45:48 PDT 2009
1437369,1437369,2061151950,"just back from SuperCheap - a most successful trip. The bikes are tanked &amp; checked for the week, so all ready to start relaxing ",Sat Jun 06 20:16:58 PDT 2009
97520,97520,1792998329,@ElleChanel want to shoot...but i'm not in charlotte .. ,Thu May 14 00:59:39 PDT 2009
1583515,1583515,2190444209,@sephrenia1982 good work ,Tue Jun 16 02:44:54 PDT 2009
1072028,1072028,1966468123,@KingdomGuard welcome new cd out this week...maybe even tomorrow! ,Fri May 29 17:49:21 PDT 2009
771500,771500,2302410832,@CatholicChicks hate bein on the phone that long ,Tue Jun 23 16:46:11 PDT 2009
1066232,1066232,1965260370,"If anyone wanted to attend TEDMED but can't make the date, I'll happily take your place, and will live-blog it for you too ",Fri May 29 15:36:25 PDT 2009
987237,987237,1834643142,@melbgirl It means the same to us!  #GoCats,Mon May 18 03:42:25 PDT 2009
248768,248768,1982797757,"beach this morning,bbq this afternoon. Back to school/work 2morro ",Sun May 31 11:55:25 PDT 2009
922422,922422,1754424886,@joshlam and you are how old?? REALLY?!? ,Sun May 10 06:13:32 PDT 2009
558279,558279,2204709175,@bing siteowner custom search box fail... &quot;market&quot;:&quot;en-AU&quot; does nothing - it still targets US search   should be &quot;only from australia&quot;??,Wed Jun 17 02:55:54 PDT 2009
1426478,1426478,2059230189,Watched Crank 2.... awesome ,Sat Jun 06 16:30:39 PDT 2009
1574260,1574260,2189212995,@TheUncoolest ,Mon Jun 15 23:30:17 PDT 2009
1442049,1442049,2061920911,Night in with the rock star...  ,Sat Jun 06 21:55:04 PDT 2009
1106327,1106327,1971411001,@BATYASMUSIC Don't really have a reason.. haha sounds stupid. I'll be 14 ,Sat May 30 07:02:50 PDT 2009
910631,910631,1751678466,first night in myers. just not the same w/out lydia!  but i'm actually excited about this summer! ,Sat May 09 20:00:55 PDT 2009
763430,763430,2298320128,"my tooth is sving, and I cannot see my dentist for a week ",Tue Jun 23 11:31:48 PDT 2009
231477,231477,1978973167,cant sleep got heartburn really bad ,Sun May 31 01:08:05 PDT 2009
1389875,1389875,2053167034,Off to Whipsnade  Hope it's dry,Sat Jun 06 03:32:13 PDT 2009
548567,548567,2202402887,Going To Bed ...My Ankle Hurts ,Tue Jun 16 21:44:13 PDT 2009
453684,453684,2070395570,hates the fact she scanned the wrong passage in all those commentaries she was going to use for her essay ,Sun Jun 07 17:37:10 PDT 2009
336219,336219,2013951848,I shame the name of female  lol Alright. Shower then sleep then get up in like 5 hours.,Wed Jun 03 00:02:11 PDT 2009
1328830,1328830,2015570824,"@disil429 Fine. Kinders coughing again, so not a lot of sleep. Weather's good, though, that's the main thing ",Wed Jun 03 05:00:24 PDT 2009
968502,968502,1827869854,Listening to the Nutcracker.  Who says it's only a Christmas thing?! ,Sun May 17 11:37:05 PDT 2009
926384,926384,1755641038,"i miss him, i cant wait to see him, im happy ",Sun May 10 09:39:21 PDT 2009
369502,369502,2049895505,@tristanwilds are you missing me? i'm missing my tuesday nights of 90210 ,Fri Jun 05 17:41:34 PDT 2009
1501551,1501551,2071479153,"@mithss mourniiiiiiing eh, morniiing!!! ",Sun Jun 07 19:27:50 PDT 2009
855502,855502,1573581650,@pamelaong Glad the blog helped ,Tue Apr 21 01:51:27 PDT 2009
950195,950195,1823943120,Awesome pumpkin! Your famous ,Sat May 16 23:30:02 PDT 2009
419271,419271,2061947730,"@ScarlettHarlott Sadly , I've never seen a single episode. I know , I'm fired , right? ",Sat Jun 06 21:58:48 PDT 2009
1046799,1046799,1957701428,@LucasGo Haha. I will! o.O Hows you?  Long time no @ reply.,Fri May 29 01:19:53 PDT 2009
222,222,1467871545,"@PaulaAbdul awww, Good luck Paula!! Please don't work too hard  but I hope you have fun  Your new album is gonna be amazing!  xxx",Mon Apr 06 22:35:40 PDT 2009
1599783,1599783,2193528694,Seattle PRIDE will be June 28th at 11am.  Come out and support your community! March with the marriage equality contingent! ,Tue Jun 16 08:34:51 PDT 2009
1067105,1067105,1965430637,"@Lujee seriosuly, the second one &quot;since I'm already a mid. class dude and would work for food&quot; ",Fri May 29 15:54:31 PDT 2009
463022,463022,2174824047,at school...listining to die Ärzte - Westerland...great song really..btw i'm so tired...i sleeped between 02:30 and 05:30..thats bad ,Sun Jun 14 23:24:06 PDT 2009
135376,135376,1836510110,I am so hungry  I hate not eating breakfast!,Mon May 18 08:07:33 PDT 2009
589976,589976,2217173197,ewww if i work at fazoli's i have to year a viser...and ugly shoes...and a pony tail...and no nail polish ,Wed Jun 17 20:29:42 PDT 2009
1383389,1383389,2052562282,@ZippyC NO. IT'S FULL OF WIN AND I LUV IT. &lt;3 I've been meaning to catch up to where it's at now for ages. NOW I HAVE. ,Sat Jun 06 01:09:42 PDT 2009
201030,201030,1971801597,Oft. As finished as I can be. Can I relax and be on holiday now? I think I've missed the acceptable slot for lunch. ,Sat May 30 07:55:49 PDT 2009
1076823,1076823,1967511412,@ItsNeet 100%.. its like getting an A for all your classes.. ,Fri May 29 19:42:58 PDT 2009
996966,996966,1835989661,"@seblefebvre Hi Seb! I'm a spanish fan of you.I'm addicted to SP and I think it's the best band in the world!please, come to spain early ",Mon May 18 07:09:24 PDT 2009
1121819,1121819,1974221419,Home from soccer. It's so hot out there today. We have retreated to the coolness of the basement. ,Sat May 30 12:41:07 PDT 2009
1223531,1223531,1990422918,i have find my someone ,Mon Jun 01 04:49:53 PDT 2009
1488648,1488648,2068535310,@marqueshouston We are the &quot;Fugazi Patrol&quot; &amp; our motto is &quot;If u see a clown point em out&quot; please let everyone know about us ,Sun Jun 07 14:14:58 PDT 2009
1278593,1278593,2001445043,it is ginormous... Haha well i  feel wierd talking about myy ziiiit  ta ta  good nightt,Tue Jun 02 00:54:35 PDT 2009
1498601,1498601,2070601343,I'm obsessed with twitting  haha,Sun Jun 07 17:59:14 PDT 2009
904643,904643,1694881980,One interlock down one to go ,Mon May 04 04:28:34 PDT 2009
630570,630570,2232041041,"ugh...summer colds are the worst, esp when you have a fever on top of this ridic humidity ",Thu Jun 18 19:22:16 PDT 2009
447872,447872,2068816061,I miss Zack so much these days ,Sun Jun 07 14:45:03 PDT 2009
374134,374134,2051178100,@dbferguson I'm using an Asus. Forget which one at the moment since I don't have it near me.But my complaints are similar to yours. ,Fri Jun 05 20:58:42 PDT 2009
1274615,1274615,2000986359,"@powersurf OH I've Got a case. I designed it. Someone idiot stole it and I can prove it. If they want to play hardball,I'm game. ",Mon Jun 01 23:30:45 PDT 2009
162781,162781,1957625794,my thumb hurts after breaking the nail.... ,Fri May 29 01:05:16 PDT 2009
1280638,1280638,2001655814,"@amymacdonald1 Congrats on the 4x platinum  It's a fantastic album, one of my favs",Tue Jun 02 01:37:00 PDT 2009
1165627,1165627,1979863257,"@JosephFrost Yeahh, that would be pretty awesome. ",Sun May 31 04:48:37 PDT 2009
991432,991432,1835117151,@benlizzotte so i think you should work for the discovery channel b/c then it would be media AND sharks! ,Mon May 18 05:11:04 PDT 2009
24116,24116,1557912015,"@paddyrules home is mums house lol hm maddens could be a plan, am actually stone cold broke atm tho not even sure i could afford door fee ",Sun Apr 19 06:32:32 PDT 2009
624090,624090,2229785405,@MandyyJirouxx that page doesn't exist ,Thu Jun 18 16:12:13 PDT 2009
178269,178269,1965929390,fighting a cold. ,Fri May 29 16:48:18 PDT 2009
403685,403685,2058242097,@greeleyalex  aw im jealous! I miss home. I wish I could be home in CG right now! Watching spanish tv with my Gparents,Sat Jun 06 14:32:59 PDT 2009
418200,418200,2061711951,@aleshacal my phone is dying  no charger here!,Sat Jun 06 21:26:57 PDT 2009
888380,888380,1687278214,@mileycyrus Green Day new cd on the 15th and you on the 16th. woo!! ,Sun May 03 08:15:50 PDT 2009
368959,368959,2049700845,my tv always freezes while i'm watching inbetweeners ,Fri Jun 05 17:20:38 PDT 2009
120956,120956,1833398181,@softjunebreeze Ex-factor.... Me too ,Sun May 17 23:09:44 PDT 2009
25844,25844,1558501113, Back to school on Monday...Well I did get an iPod Touch. @shmuxel + @randomized180 See yah tomorrow then I guess ,Sun Apr 19 08:34:08 PDT 2009
581170,581170,2214200315,@LisaAnneWest i missed it  have to catch up on sunday ohh ye so  fancy ldn on sunday? xoxo,Wed Jun 17 16:24:30 PDT 2009
495202,495202,2185161798,tried to check out your site @poeticmindset ... not working ,Mon Jun 15 16:58:43 PDT 2009
1343231,1343231,2039698910,Watching Wayne Dyer's new program on PBS &quot;Excuses Begone!&quot;. Lower mainlanders can check it out on ch. 27 or 204 on Shaw! Peace ,Thu Jun 04 22:35:04 PDT 2009
460445,460445,2072444681,pimples attack! Arghhhhhhhhh ,Sun Jun 07 21:02:16 PDT 2009
721716,721716,2261274687,"has to pack, stillll. and doesn't want to.. ",Sat Jun 20 20:32:07 PDT 2009
412798,412798,2060437840,@snikkins How dare you get some before I have a chance to. You're no longer my friend ,Sat Jun 06 18:54:23 PDT 2009
1055878,1055878,1962352792,"Can't stop listening to the clips of @Jonasbrothers new album Lines, Vines and Trying Times its so amazing can't wait for the whole thing ",Fri May 29 10:54:56 PDT 2009
615917,615917,2226461513,about to pour in orlando ,Thu Jun 18 11:59:03 PDT 2009
1101979,1101979,1970812135,"@carriecruz I know! I don't think they air it on any of the cable channels anymore, but you can download them from the net ",Sat May 30 05:17:50 PDT 2009
1498281,1498281,2070543639,@AprAnaya  you will !   check the website so you can have an idea as to what product u want to try . I will sent u the email tomorrow ,Sun Jun 07 17:53:02 PDT 2009
489837,489837,2183136501,@annieomnious    can it be fixed?  can we make a new simple one mayb?,Mon Jun 15 14:05:40 PDT 2009
492946,492946,2184448107,blää i have a headache ,Mon Jun 15 15:55:35 PDT 2009
1310603,1310603,2013341939,Has just joined Twitter.. It better be good! ,Tue Jun 02 22:26:54 PDT 2009
439037,439037,2066333820,Where in Singapore do they sell Dujour? ,Sun Jun 07 10:19:20 PDT 2009
531770,531770,2196442252,"#iranelection The &quot;yellow Press&quot; is alive and well in the 21st century, how quickly we forget the USS Maine ",Tue Jun 16 12:28:43 PDT 2009
506772,506772,2188737291,haven't been on all day  went to bed late last night!,Mon Jun 15 22:27:48 PDT 2009
1475812,1475812,2065977302,"where's all the rain we were supposed to have today? not complaining tho, it's lovely &amp; bright. very happy making ",Sun Jun 07 09:39:23 PDT 2009
939264,939264,1793637123,"@claire_stokoe thank you, it only took me two minutes, thankfully the style of envirowise.gov.uk was already there for the taking ",Thu May 14 03:27:13 PDT 2009
121061,121061,1833427286,ps: i think twitter sucks if you dont have free unlimited texts. ,Sun May 17 23:15:06 PDT 2009
1536273,1536273,2179221942,"@xDorkyStacy Ha! THAT SOUNDS SO WRONG STACY! lmao  i love you. and when I take one, I'll think of you too. haha, and on youtube. ",Mon Jun 15 08:48:42 PDT 2009
1329243,1329243,2015638557,@gwyn007 @waz7710    no no really its ok! u try em out and then u can see which works and doesnt  by that time its to late,Wed Jun 03 05:10:09 PDT 2009
739705,739705,2265795968,Who else misses Parade the day incredibly much.. ,Sun Jun 21 07:19:34 PDT 2009
348756,348756,2016886128,I was caller number one. ,Wed Jun 03 07:31:07 PDT 2009
307805,307805,2000557470,@StewartWade ditto!! Goodnight &amp; rest well!! Go play the lottery! I bought a ticket when I was n FL last week but no luck! ,Mon Jun 01 22:23:18 PDT 2009
1275566,1275566,2001101986,"Mornin every1! Hope all is well I'm your worlds. I'm not sure why I'm at work at 7:45 this mornin, but I guess Its not all bad ",Mon Jun 01 23:50:48 PDT 2009
347212,347212,2016398576,should be going out but wants to stay put to participate in @RichardWiseman experiment - might have to do it by txt. (no photo part) ,Wed Jun 03 06:42:31 PDT 2009
841571,841571,1563492058,"If you can take criticism and blame without resentment, YOU'RE PROBABLY THE FAMILY DOG  see... http://jijr.com/hitZ cheers, Lou-ann",Sun Apr 19 23:02:39 PDT 2009
76213,76213,1695535298,"@TeeMonster Sorry, I know I'm late responding (15hrs  timezone troubles) but I think you would need to load Audacity to your compy",Mon May 04 06:22:24 PDT 2009
310711,310711,2001149512,History exam today and dreading it ,Mon Jun 01 23:59:30 PDT 2009
543696,543696,2200859251,After seeing mr. benningfield tonight it really made me start to miss my vand family like hXc  i love you band geeks! &lt;3,Tue Jun 16 19:28:23 PDT 2009
1452555,1452555,2063152024,Just downloaded a new Twitter app for my phone. So much better already. ,Sun Jun 07 01:33:35 PDT 2009
436390,436390,2065655022,I seem to be making a habbit out of not falling asleep until very late ,Sun Jun 07 09:02:01 PDT 2009
353525,353525,2032533305,There was a steady stream at my polling station mostly old folks surely they wouldn't vote for the fascists ... Are people that stupid? ,Thu Jun 04 11:23:45 PDT 2009
716707,716707,2259778018,Missionaries had passport problems. Still havn't arrived  ya'll pray!,Sat Jun 20 18:08:50 PDT 2009
878541,878541,1685261398,had a very good night ,Sat May 02 23:39:51 PDT 2009
1183057,1183057,1982364144,"Enjoying the morning just hanging out with Juliet in Victoria. She doesn't know it yet, but I'm taking her to see Il Divo tonight  #fb",Sun May 31 11:03:41 PDT 2009
883612,883612,1686166902,Off to the Miss Bikini Philippines pageant. Thanks to @veggiecircle for the ticket! ,Sun May 03 04:06:50 PDT 2009
1465196,1465196,2064325843,i'm going global .. ,Sun Jun 07 05:56:58 PDT 2009
400301,400301,2057377299,They are gone .. ,Sat Jun 06 12:53:31 PDT 2009
1013452,1013452,1881317764,Friends with scott again ,Fri May 22 04:18:16 PDT 2009
1063686,1063686,1964523546,I think that my lovely brother @ScottyHolloway should take me and his lovely sister @Ho11y to Old Town for some dinn dinn &amp; margaritas ,Fri May 29 14:22:19 PDT 2009
1340505,1340505,2030755309,Roast in the cooker and cakes in the oven soon.  Good morning!  Hope everyone is well today ,Thu Jun 04 08:50:08 PDT 2009
667046,667046,2245483186,Wooo I picked my sister and I miss the empty house. ,Fri Jun 19 16:11:47 PDT 2009
15103,15103,1553986924,@aleahhh season is almost done with babe ,Sat Apr 18 15:45:29 PDT 2009
420348,420348,2062190059,off to work    byeee xox,Sat Jun 06 22:33:37 PDT 2009
212878,212878,1974851944,@alexandramusic Diversity won! damnn i wanted flawless to win ,Sat May 30 13:57:15 PDT 2009
682327,682327,2249964736,printin stuff for my aunt. dont ask y its so late. i forgot 2 do it earlier. ,Fri Jun 19 23:23:39 PDT 2009
56297,56297,1685358696, can some one pleease tell me how to work out the total surface area of a square pyramid? ,Sun May 03 00:03:03 PDT 2009
1566590,1566590,2187816677,@DENISE_RICHARDS love your hair  dont ever cut ur locks ,Mon Jun 15 20:51:04 PDT 2009
1095323,1095323,1970220574,@okse *Phew* Hate to think you and Colin had fallen out! Glad he's smiling for you. Hip Hip Hip Hooray!! ,Sat May 30 02:57:26 PDT 2009
1234084,1234084,1992312941,@Dee_Dee_3 high low ,Mon Jun 01 08:32:57 PDT 2009
1546694,1546694,2182529698,"And the motivation came!  yay! Not finished yet, but well on my way!  Gonna go finish it. xx",Mon Jun 15 13:17:33 PDT 2009
143481,143481,1881736609,Still cant get Jonas Bros tickets..dreading facing my niece later on ( I can see the tantrum now). Hope they put on another gig in Dublin ,Fri May 22 05:26:16 PDT 2009
167557,167557,1961760410,"I though the clothes of AW0910 Collection from +9 designers will be there, together with the visual arts, but it is not ",Fri May 29 10:00:12 PDT 2009
1498616,1498616,2070618502,On schedule now to soft launch tomorrow evening - already have first customer - lost cat ,Sun Jun 07 18:00:54 PDT 2009
1289205,1289205,2002583293,&quot;Thank You [Lord] for reminding me to see myself the way You see me!&quot; ,Tue Jun 02 04:37:35 PDT 2009
1470599,1470599,2065072801,@CharlieeSimpson I Was Looking at an Old Poster From Busted The Other Day  You Had Really Short Hair And Everythng   Young Ta Old ,Sun Jun 07 07:50:01 PDT 2009
698689,698689,2254207767,"Ugh, so bored today! ",Sat Jun 20 09:23:40 PDT 2009
1436310,1436310,2060960475,home from a long day of work. i wore heels from 11am to 7pm. i must be crazy!! came right home to soak the feets. lol who wana rub em? ,Sat Jun 06 19:54:45 PDT 2009
693881,693881,2252848920,Still at work  This entire week has felt like an extremely long and awful Monday!,Sat Jun 20 07:06:51 PDT 2009
605386,605386,2222244011,Upgraded iPhone to 3.0 but seem to have weaker link to tamu wireless ,Thu Jun 18 06:42:26 PDT 2009
314842,314842,2002064542,morning twitterland...off to work i go ,Tue Jun 02 03:01:26 PDT 2009
206754,206754,1973313308,@Debbiebarnhill I'm such a plantaholic.... I spent several thousand $s the last few years planting at my brothers lake cabin - he sold it ,Sat May 30 10:54:29 PDT 2009
938150,938150,1793375946,Trying to learn some &quot;PHOTOGRAPHY&quot; ,Thu May 14 02:27:16 PDT 2009
1077246,1077246,1967624944,@KrisAllenmusic I'll be sure to vote for you in that competition.  A star with your name on it would go well with your Idol Trophy!,Fri May 29 19:55:25 PDT 2009
427476,427476,2063740355,already miss baby donkey ,Sun Jun 07 03:53:27 PDT 2009
563819,563819,2206034609,@kpsomotragos I have it on good authority that we'll be getting it around 3am. ,Wed Jun 17 05:53:33 PDT 2009
751660,751660,2286183057,Just heard gun shots in my neighborhood!!! ,Mon Jun 22 16:06:16 PDT 2009
163200,163200,1957726936,Just watched hella home movies with my aunt and uncle. I miss the days where our whole family got along ,Fri May 29 01:24:58 PDT 2009
710617,710617,2257964408,I am sooo tired!! My eyes literally can't stay open ,Sat Jun 20 15:10:31 PDT 2009
122358,122358,1833694139,I hate word challenge on facebook! ,Mon May 18 00:08:01 PDT 2009
228435,228435,1978260194,is sad she couldn't go out with her girls tonight  It's been too long....,Sat May 30 22:51:18 PDT 2009
632586,632586,2232720791,PACKING SUCKS! i miss my Lee ,Thu Jun 18 20:18:00 PDT 2009
1256731,1256731,1997542270,O how i love you sammoons  o how i do. ,Mon Jun 01 17:01:58 PDT 2009
362877,362877,2047601485,"Wants a free doughnut, Krispy Kremes are so expensive, but 10 million times better than other doughnuts. ",Fri Jun 05 13:53:56 PDT 2009
1413702,1413702,2056895495,new phone  tattoo on monday! Woo.. just had tea. yummy.,Sat Jun 06 11:59:52 PDT 2009
451459,451459,2069769872,waiting for my hoe to come back ,Sun Jun 07 16:29:42 PDT 2009
317820,317820,2002690849,"i just cried a lot  im so over that all , and i cant hear it anymore...",Tue Jun 02 04:54:55 PDT 2009
373647,373647,2051060587,Trying to get on facebook!!! ,Fri Jun 05 19:47:23 PDT 2009
794572,794572,2327029528,I want to post lol cats on here but I can't ,Thu Jun 25 07:49:40 PDT 2009
1566055,1566055,2187686536,@RobbieTaylor I have no comment about who won the game until this replay is completed. ,Mon Jun 15 20:39:08 PDT 2009
822605,822605,1555730383,Thank you everyone. I seriously am I lucky guy to have such great and lovely friends. Let's keep in touch  chuckishere.com at #LAX,Sat Apr 18 20:31:57 PDT 2009
143042,143042,1881627162,friday gimmick in the office  but always looking forward for the weekend!,Fri May 22 05:09:53 PDT 2009
1533629,1533629,2178551287,TALK meeting tonight at Tampa Chamber at 6pm with @WOMlinda as guest speaker on Word of Mouth Marketing! Happy Hour after @ Tinatapas ,Mon Jun 15 07:52:01 PDT 2009
1059695,1059695,1963285980,successfully obtained  visa entries to enter  and stay in the Royal Kingdom of Thailand! ,Fri May 29 12:29:40 PDT 2009
1548912,1548912,2183176732,Downtown Disney ,Mon Jun 15 14:08:57 PDT 2009
67082,67082,1692138499,missing my mom ,Sun May 03 19:21:26 PDT 2009
366218,366218,2048799023,A little sad  pretty bad news and feel too much insecure about my playing.,Fri Jun 05 15:47:36 PDT 2009
639017,639017,2234612081,@HuniB oOhwee naw i just been chillin tryna get use to this new work schedule of having to be at wrk @ 7... ,Thu Jun 18 23:23:36 PDT 2009
1107115,1107115,1971529750,@juzgalvez Hahaha! Don't be scared. They need fresh minds and you're it. ,Sat May 30 07:19:07 PDT 2009
1270486,1270486,2000411567,grandparents arrive tomorrow... good nite ,Mon Jun 01 22:03:31 PDT 2009
1593357,1593357,2191924353,that was a good chat!  keep u posted guys...,Tue Jun 16 06:12:36 PDT 2009
142718,142718,1881544176,@BrokenStruggle to much waffle &amp; not enough drinking going on. he's a less annoying version of numpty! &amp; he's not you which makes me ,Fri May 22 04:56:58 PDT 2009
919026,919026,1753757242,@theclimbx3 i knooow  its the pizza girl episode xD &lt;3,Sun May 10 03:17:04 PDT 2009
1092656,1092656,1969999471,"Random drunk girl sitting by my car: &quot;Is that your man bag?&quot;  Me: &quot;Yes, that's my man bag.&quot;  BTW, its name is Butch  ",Sat May 30 02:02:40 PDT 2009
1066678,1066678,1965353750,lots of cool ppl  ~~&gt; @actionchick @thewildjoker @walterdoc @JGDemas @amilya @williger  #followfriday,Fri May 29 15:46:18 PDT 2009
1222537,1222537,1990302592,Alright this is my debute twitt  yay lol,Mon Jun 01 04:29:29 PDT 2009
89307,89307,1755268503,@Spitphyre girls i am outta it then  my exams,Sun May 10 08:42:04 PDT 2009
685510,685510,2250794961,Why do peep toe shoes hurt so bad ,Sat Jun 20 01:30:37 PDT 2009
1375327,1375327,2051576317,@Alyssa_Milano do celebs get more characters than the rest of us? ,Fri Jun 05 22:20:02 PDT 2009
278847,278847,1991632963,need to charge my mac... ,Mon Jun 01 07:23:27 PDT 2009
1206205,1206205,1986741288,Keyshia cole loves bebe too!!! ,Sun May 31 19:15:12 PDT 2009
645809,645809,2236372813,@dstarr I want my bed  x,Fri Jun 19 03:32:33 PDT 2009
824578,824578,1556268196,"Dang it....BRB....have to get the cake, candles and ice cream out and sing happy birthday to my niece. Sweet 16 ",Sat Apr 18 22:12:37 PDT 2009
953270,953270,1824618868,"@StiffValentine Olympus E-410.  Besides the recent digital lenses, I also got an old 50mm OM lens which mounts via a simple adapter.  ",Sun May 17 02:10:32 PDT 2009
26943,26943,1558974368,"is going to watch the brewer game, eat soup, play sims and sit in a vaporizer filled room. stupid cold. this sucks. ",Sun Apr 19 09:55:06 PDT 2009
174945,174945,1964688837,Hmmm.... My whole body feels sore! ,Fri May 29 14:38:29 PDT 2009
1189980,1189980,1983639656,@Venyadosae I'm sooo happy you'll get to re-take penguin pics! I collect penguin stuff and am a penguin FREAK! Can't wait to see ,Sun May 31 13:32:43 PDT 2009
671501,671501,2246881026,"My server has been going down lots lately, it makes me a sad WoW player  lol",Fri Jun 19 18:15:47 PDT 2009
977133,977133,1833707016,how would you feel if @taylorswift13 was in a GoBernos video? eh eh ,Mon May 18 00:10:38 PDT 2009
141903,141903,1881363916,"@timdifford cheers, I spotted that - couldn't find it on the App Store though ",Fri May 22 04:26:41 PDT 2009
73715,73715,1694602939,sore throat ,Mon May 04 03:21:57 PDT 2009
1328072,1328072,2015465299,He'd go anywhere with me ,Wed Jun 03 04:44:14 PDT 2009
1107610,1107610,1971605659,@LexiePixie your tarot twreading is next. ,Sat May 30 07:29:13 PDT 2009
1365948,1365948,2050058235,@Bowl_the_Bunny lol love how we put some in stars: *some* haha...*crosses fingers* i hope you get more ,Fri Jun 05 17:59:36 PDT 2009
402830,402830,2058032011,This tea taste like pure WATER!!!  Yuck!,Sat Jun 06 14:07:56 PDT 2009
569187,569187,2207862748,sad that it's not my birthday anymore and that my balloon is deflating ,Wed Jun 17 08:28:46 PDT 2009
656796,656796,2240687402,"Great to get bk online, my own net was down ",Fri Jun 19 10:02:39 PDT 2009
87381,87381,1754447175,St Andrews is scaring me. ,Sun May 10 06:18:13 PDT 2009
1115105,1115105,1972898891,Finally done work YAY ,Sat May 30 10:05:42 PDT 2009
589445,589445,2216986995,@DTatStar not nice  lol,Wed Jun 17 20:14:14 PDT 2009
182695,182695,1967211760,i aint alive....im just breathing to death ,Fri May 29 19:10:13 PDT 2009
1374001,1374001,2051384944,Sorry you missed it. Good night! ,Fri Jun 05 21:52:31 PDT 2009
119646,119646,1828078085,oopss did that twice  D: im such a silly moo.,Sun May 17 12:02:34 PDT 2009
1418501,1418501,2057800792,"@acj525 mummmmmmmmmmm,  can you put the pizza in the oven ",Sat Jun 06 13:41:09 PDT 2009
1286487,1286487,2002256299,@ibbypop haha yeeahh yeahh you know its only till 2:30 so its not too bad! ,Tue Jun 02 03:39:43 PDT 2009
623557,623557,2229600298,@Jagusti shit! I thought it was months away  I'm not in Sheffield this weekend ,Thu Jun 18 15:56:51 PDT 2009
1266547,1266547,1999669252,@Shadez mmm...i wouldn't mind li'l Katy's either.. ,Mon Jun 01 20:37:03 PDT 2009
1279755,1279755,2001567120,On a JEW mood. Downloading Futures. Chase the Light naman mamaya. Haha. ,Tue Jun 02 01:18:52 PDT 2009
914019,914019,1752772652,Wishes @kirstiealley a Happy Mother's Day! ,Sat May 09 22:56:30 PDT 2009
693382,693382,2252715562,"More rain due, ugh, going to a graduation today and was hoping the kids could go swimming ",Sat Jun 20 06:51:11 PDT 2009
21996,21996,1557392649,woke up early today...dont wanna go to school tomorrow... ,Sun Apr 19 03:50:14 PDT 2009
787200,787200,2324841645,I can't seem to fall asleep tonight ,Thu Jun 25 04:10:25 PDT 2009
1481102,1481102,2067012310,"#EU09 In 5 years we need a best coverage. World, take a look here, yes, here, Europe is moving ",Sun Jun 07 11:35:15 PDT 2009
1595752,1595752,2192465710,That should give you happy thoughts ,Tue Jun 16 07:04:45 PDT 2009
742303,742303,2266510918,@monzongo2009 OH NO!!!  Get well soon   I'm trying to get well myself in the midst of Merola.  Sending you virtual antibiotics ,Sun Jun 21 08:38:00 PDT 2009
564353,564353,2206174460,Dam texts woke me up ,Wed Jun 17 06:07:34 PDT 2009
396344,396344,2056341579,"I could seriously go back to sleep  working 3-11 tonight w/ mitch...but toni won't be there...it's not the same, but i hope it's fun! ilu!",Sat Jun 06 10:58:15 PDT 2009
868924,868924,1678033611,eatin an icecream ,Sat May 02 05:12:22 PDT 2009
1259057,1259057,1998029349,"@FifthSenseNYC I'll be giving the Mark Birley a wear later this week, even though I'm not a &quot;quiet man&quot;. ",Mon Jun 01 17:52:24 PDT 2009
1181838,1181838,1982150733,happy birthday to andy hurley ,Sun May 31 10:37:46 PDT 2009
1118154,1118154,1973552530,Hangin with my bestie suzi ,Sat May 30 11:22:25 PDT 2009
176637,176637,1965408275," FML.. today sucks.. i just hope the dance will bring my soul up.. i pray, but im still sad..i hateee todayyyyyy!!! &gt;;(",Fri May 29 15:52:07 PDT 2009
1172450,1172450,1980630343,But I will follow ,Sun May 31 07:15:54 PDT 2009
222097,222097,1976955651,I'm saying good bye to a good friend tonight... kinda sad ,Sat May 30 19:41:23 PDT 2009
1257794,1257794,1997774364,my last nite in work for weeks.....ah im in such good humour ,Mon Jun 01 17:26:06 PDT 2009
751069,751069,2285904698,"My Sonic skills have not improved... Running, fine. Spinning, awesome. Jump from platform to platform? The fail whale grabs me ",Mon Jun 22 15:44:18 PDT 2009
555180,555180,2204012134,"saw a red balloon flying outside my window. somewhere out there, a kid must be crying because the wind blew his balloon away... ",Wed Jun 17 01:05:46 PDT 2009
399585,399585,2057197575,Working today. Closing. 2 - 11. Missing out on Ming's birthday dinner/party. ,Sat Jun 06 12:33:16 PDT 2009
84198,84198,1753537945,@JoshBkelley just wanted to say the youngstown girls miss you  .. &amp; what happened to tell it like it is on itunes? cant find it!,Sun May 10 02:08:34 PDT 2009
1561292,1561292,2186552334,Ahhh...I finally don't have to keep 5 guys happy...I get waited on tonite ,Mon Jun 15 19:00:13 PDT 2009
389778,389778,2054528372,hope you feel better mommy  I love you :X,Sat Jun 06 07:32:58 PDT 2009
158913,158913,1956714308,@KandyChazer it is...but i was told i was gonna be entertained and i wasnt ,Thu May 28 22:30:27 PDT 2009
1362517,1362517,2049326166,yay! just realized i'm not driving this trip and can do all the twittering!  ,Fri Jun 05 16:41:09 PDT 2009
1273365,1273365,2000838931,"@amf7 Thank you for reminding me! I actually have something in mind given the date. Hint, it's Star Trek related. ",Mon Jun 01 23:06:01 PDT 2009
1015746,1015746,1881605801,We should have brought a flask with v0dka. Hahaha. ,Fri May 22 05:06:32 PDT 2009
84660,84660,1753650954,Just got pulled over on 36. I am fucking terrified of cops. My headlights out I guess  mew.,Sun May 10 02:43:10 PDT 2009
628085,628085,2231145743,gotta go check/console/convince 2 yo to stay in bed and that he actually WANTS to go to sleep... 20 min nap in car= past his sleep... ,Thu Jun 18 18:06:19 PDT 2009
1186583,1186583,1982998827,@cali_g510 ok   I got you!,Sun May 31 12:18:33 PDT 2009
1572924,1572924,2189005959,Changed the background on here. About to go watch 'Mary Shellys Frankenstein'.  Add: http://bit.ly/4Qhlv,Mon Jun 15 23:02:01 PDT 2009
802516,802516,1468239853,"@MANDY_EMMERSON I know you do, Go TEAM GB ",Tue Apr 07 00:29:12 PDT 2009
966950,966950,1827739149,"@sdministry Hey scott, Its Ashli from Shelby County, We met when Rick and Mick were in town. How you been? It been awhile ",Sun May 17 11:20:39 PDT 2009
87555,87555,1754515792,@temptationdice why did my family decide to have a family gathering?  i see why you hate them. -.-,Sun May 10 06:32:10 PDT 2009
1229352,1229352,1991349538,@kerryjor Happy Birthday!  Enjoy the cougar years - roar! ,Mon Jun 01 06:52:38 PDT 2009
344539,344539,2015689813,I work 9-6 today with bitch boss ,Wed Jun 03 05:17:31 PDT 2009
477091,477091,2178071188,  DD has pinkeye...not fun.,Mon Jun 15 07:09:04 PDT 2009
965665,965665,1827626918,3 little birds pitch by my door step singing sweet songs of melodies pure &amp; true sayin dis is my message 2 you: dont worry about a thing ,Sun May 17 11:06:31 PDT 2009
834203,834203,1557918298,Church of the Highlands @ 11:30 in the Bryant Conference Center! BE THERE!   ,Sun Apr 19 06:34:06 PDT 2009
1380614,1380614,2052261691,Off to london biggin hill ,Sat Jun 06 00:09:08 PDT 2009
129497,129497,1835118663,definitely just failed my exam ,Mon May 18 05:11:19 PDT 2009
1160607,1160607,1979443312,@Burlesquetron oh sorry I didn't see this tweet further down sorry. unhappy DD = 4 champers 4 me + looking 4 hair dye in back of cupboard ,Sun May 31 03:04:10 PDT 2009
1373909,1373909,2051374261,@laurie_pringle I mention it in the blog post. It's in Vancouver. ,Fri Jun 05 21:50:32 PDT 2009
1379475,1379475,2052130363,I am soooo happy!!! ,Fri Jun 05 23:45:11 PDT 2009
1363732,1363732,2049576659,@Itxi_Itx @th3maw  This is a great conversation.  What else might you do with your sheets during the act of love?  eh?  eh?  ,Fri Jun 05 17:07:24 PDT 2009
183293,183293,1967386185,mark cubans doin handsprings right now- the &quot;punks and thugs&quot; are sinking.. but he's not looking forward to paying dirk's child support. ,Fri May 29 19:29:10 PDT 2009
930084,930084,1760214946,@lovelyberries haha you can cuddle with me anytime ,Sun May 10 20:57:03 PDT 2009
1168373,1168373,1980141382,had a lovely birthday.  http://plurk.com/p/xedq0,Sun May 31 05:49:48 PDT 2009
266126,266126,1988935395,@judez_xo ugly kids there?  woahh where am i then. ,Sun May 31 23:49:17 PDT 2009
930490,930490,1760358225,@canadianfamily The best thing about my Mother's Day was my son. And the card my husband got me 'from' our 5.5 week old son. ,Sun May 10 21:19:14 PDT 2009
1519881,1519881,2176128142,Just got off the  ☎  Misery loves company..... Haha,Mon Jun 15 03:00:00 PDT 2009
764638,764638,2298938003,ugh sdre isnt coming here  lame. today can suck my dick.,Tue Jun 23 12:17:56 PDT 2009
1385935,1385935,2052791093,@andyclemmensen tv on mute cause its boring but then ipod with speakers on timer  now thats how its done.,Sat Jun 06 02:02:10 PDT 2009
36907,36907,1565950917,TWO More weeks and its back to work. ,Mon Apr 20 07:54:21 PDT 2009
313963,313963,2001875485,is healthy breakfast then back to geography revision ,Tue Jun 02 02:22:45 PDT 2009
1231438,1231438,1991758419,off to sleep. GOOD NIGHT WORLD  hope it'll not rain tomorrow.,Mon Jun 01 07:36:47 PDT 2009
353281,353281,2032138657,Kylie's being a bad girl today. ,Thu Jun 04 10:49:39 PDT 2009
1589610,1589610,2191264931,@LaYdeeDeliSh he's definately a strong lil guy! ,Tue Jun 16 04:54:10 PDT 2009
417174,417174,2061474826,I watched UP! This time I cried  It's really sad and hilarious ... That movie totally rocks!,Sat Jun 06 20:56:55 PDT 2009
1024420,1024420,1883242016,just booked my driving test ,Fri May 22 08:14:13 PDT 2009
44518,44518,1676887737,i've been working for more than 24 hours now ,Fri May 01 23:35:09 PDT 2009
1073962,1073962,1966878760,"@ddlovato I wish I was a celeb like you, Miley Cyrus, Selena Gomez, Taylor Swift, and all those pretty girls out there! ",Fri May 29 18:33:57 PDT 2009
262089,262089,1986088617,I can't believe the last survivor of the Titanic died...that's really sad! ,Sun May 31 18:18:14 PDT 2009
275289,275289,1990776690,Starting to wonder if my future landlord is crazy or prejudice against americans.. this may not end well ,Mon Jun 01 05:43:03 PDT 2009
1126962,1126962,1975106822,@kiniaq and the reasons are never wrong my dear... they are absolutely lovely  wow,Sat May 30 14:27:43 PDT 2009
1491140,1491140,2069046477,@lexia well done on all your reporting.  Haven't been vocal but have enjoyed and appreciated your work. Cheers lady. ,Sun Jun 07 15:09:54 PDT 2009
991769,991769,1835157620,I would love the 85mm 1.2 .. but would settle for the 85mm 1.8. I'd also love a 1Dsmark3 for it to sit on ,Mon May 18 05:17:39 PDT 2009
1051519,1051519,1961183317,@AngelIVXXX very good price ,Fri May 29 09:06:36 PDT 2009
1367420,1367420,2050399854,@MrRathbone You have many friends here who will walk with you through the dark and the light. Smile ,Fri Jun 05 18:36:02 PDT 2009
969423,969423,1827946642,soo hungry! hot dogs with all the fixings? sounds yummy ! ,Sun May 17 11:46:33 PDT 2009
279546,279546,1991816277,is having a bad day - email not working properly and looks like the 10km run is off for me ,Mon Jun 01 07:42:51 PDT 2009
1494982,1494982,2069827887,@officialnjonas you speak my name in chat? please?I am a big fan your...follow me? ,Sun Jun 07 16:36:04 PDT 2009
1273817,1273817,2000891613,"The Tonight Show w/ Conan was AWESOME!!! I missed that tall, pale, red-headed man! ",Mon Jun 01 23:14:35 PDT 2009
1069402,1069402,1965916109,"@Hail_Mary_Jane: never date anyone who's on twitter, then you can't tweet about how whack they are.&lt;----sooooooooo true ",Fri May 29 16:46:48 PDT 2009
1044604,1044604,1957458026,I need someone to talk to!  Who can that be? ,Fri May 29 00:33:49 PDT 2009
110757,110757,1824935293,@BrianMcnugget still your old joker kinda self...im glad...i kinda miss it ,Sun May 17 03:35:52 PDT 2009
977695,977695,1833763406,un vot pe blogoree pls: http://bit.ly/ueUb6   Multumesc! ,Mon May 18 00:22:24 PDT 2009
258877,258877,1985288846,"Dear baby, I can't wait until your teething days are over. ",Sun May 31 16:48:49 PDT 2009
457058,457058,2071464517,"@ninasplayground LOL, I didn't know it was on  OF COURSE if watch that dumb bitches show ;-) like a train wreck... Can't stop watching ;)",Sun Jun 07 19:26:23 PDT 2009
897097,897097,1693236947,@imPLastic ,Sun May 03 21:56:56 PDT 2009
1239933,1239933,1993667297,"BlackBerry troubles all over.. fortunately enough I don't have one! My HTC Touch works fine, for almost 2 years! ",Mon Jun 01 10:44:38 PDT 2009
1170032,1170032,1980329836,@MeganBull how do you know how much your twitter profile is worth?? haha...or was that a joke? ,Sun May 31 06:25:27 PDT 2009
1108196,1108196,1971694036,http://mobypicture.com/?yxykxt - I knew it from the start. It's a two year old t-shirt by now. Always makes me pleased to see though. ,Sat May 30 07:41:17 PDT 2009
455593,455593,2071002161,I had Wendy's before this. That was a bad choice   http://twitpic.com/6vlkp,Sun Jun 07 18:40:02 PDT 2009
864698,864698,1677330025,@cjm55 Thanks!  ,Sat May 02 01:31:37 PDT 2009
121290,121290,1833479059,"why do people not just try to understand instead of getting pissed off  when someone needs you, its cause they love you...",Sun May 17 23:25:04 PDT 2009
245273,245273,1981966342,@Castiel_ yeah. totally. ,Sun May 31 10:15:15 PDT 2009
1089648,1089648,1969719125,@Lumiel Aren't you sweet? ,Sat May 30 00:59:01 PDT 2009
314487,314487,2001983466,CDC Vaccine Advisor Pockets $29 Million Promoting Vaccines -  http://is.gd/M7Q8 - MORE ELITIST SCUM VACCINATION PROFITEERING - Sorry ,Tue Jun 02 02:45:01 PDT 2009
1484353,1484353,2067646930,@MissChriis i don't know how to celebrate yet. lol but i'm very excited about it. ,Sun Jun 07 12:42:46 PDT 2009
516213,516213,2191013416,@windsorj Poor thing  Hope you feel brighter soon x,Tue Jun 16 04:18:41 PDT 2009
586342,586342,2215934048,Ah. The perfect summer day was ruined by the rain. Too good to be true.  but its still hot as hell. I feel sticky and gross. Long day. Ha,Wed Jun 17 18:48:54 PDT 2009
738459,738459,2265480551, i gotta work today,Sun Jun 21 06:40:33 PDT 2009
855224,855224,1573530165,@nowamunkie My pleasure. ,Tue Apr 21 01:36:24 PDT 2009
1471299,1471299,2065182689,Blood Brothers was Amazing.  Got my program signed by the cast  Got a Picture with Sean Jones. ,Sun Jun 07 08:04:16 PDT 2009
830978,830978,1557376230,bob to the top high school musical porno. ftw ,Sun Apr 19 03:44:07 PDT 2009
630455,630455,2231999206,@DavidArchie I'm running a fever  If you gave me a shoutout I swear I'd get better! (HINTHINT!) HAHAHA.,Thu Jun 18 19:18:49 PDT 2009
1141207,1141207,1977147340,"@edicius during this Stanley Cup match up, yes, I am a Pens fan. ",Sat May 30 20:13:07 PDT 2009
854293,854293,1573366158,"@besz I will tell you on Thursday all about Tuesday, I promise. How bout I skip all this, and just eat the monkey for breakfast? ",Tue Apr 21 00:50:34 PDT 2009
438839,438839,2066281657,I thought it was meant to be a hot summer  to mean rain doesnt mean hot.,Sun Jun 07 10:13:25 PDT 2009
1460756,1460756,2063871813,@Wolfie75 Welcomes home  Glad you had a fabbo time!,Sun Jun 07 04:24:17 PDT 2009
1288312,1288312,2002467619,doesn't know what to do with himself today... but might get some blonde put in his hair for summer ,Tue Jun 02 04:18:02 PDT 2009
134906,134906,1836379051,"kick  butt, Chuck has been renewed for a third season.  Sucks only 13 episodes though.    http://tr.im/lF45",Mon May 18 07:53:31 PDT 2009
163050,163050,1957686687,just wants to get it over and done with. I miss working ,Fri May 29 01:16:53 PDT 2009
1168632,1168632,1980170112,@Boy_Kill_Boy Anything for first class tix ,Sun May 31 05:55:36 PDT 2009
355620,355620,2043999927,"@Jason25329 Sorry to hear that  but hey, you're eating well at least!",Fri Jun 05 08:43:26 PDT 2009
276807,276807,1991122222,Phew! Done rewriting the 1st bit of my results to order. Reread comments from bosses to ensure I'd incorporated them. Had. But sad now. ,Mon Jun 01 06:26:47 PDT 2009
1224321,1224321,1990537181,morning tweeple  hope you all have a great monday,Mon Jun 01 05:07:41 PDT 2009
1367252,1367252,2050377099,"Home and off for hopefully, a sunny weekend ",Fri Jun 05 18:33:38 PDT 2009
1296422,1296422,2004117557,"@innocent_eyez26 OMG :o ahahaa. oh well, thats common there  hihii",Tue Jun 02 07:41:39 PDT 2009
691775,691775,2252324739,packing up my room... ,Sat Jun 20 06:00:44 PDT 2009
336691,336691,2014053645,CEO is on the floor today. Need to be careful while surfing today. It's all work and no play day. ,Wed Jun 03 00:19:30 PDT 2009
222269,222269,1976986576,hitting the gym!  its bout time,Sat May 30 19:47:24 PDT 2009
440889,440889,2066860781,"Wife just left on a motorcycle ride. I still need to get my Washington plates , so I am at home, Drat! ",Sun Jun 07 11:18:22 PDT 2009
573321,573321,2209795557,@TwilightilDawn Oh man I want palm trees and the beautiful ocean! Not cow town CO  Follow @peterfacinelli @billy_burke,Wed Jun 17 10:48:25 PDT 2009
1548976,1548976,2183201108,#musicmonday King Blues My Bolder ,Mon Jun 15 14:10:55 PDT 2009
741099,741099,2266171095,"I have a 1,500-word deadline in 2 days, stacks of research materials are surrounding me, and I don't have a clue how to start  Need coffee",Sun Jun 21 08:01:57 PDT 2009
1233038,1233038,1992090767,@gfalcone601 well at least you had a great time and thats what's important! ,Mon Jun 01 08:10:56 PDT 2009
742599,742599,2266596011,"Oh and more car FAIL, after all the work i had done Fri., the Check Engine light went on just as i got home last night ",Sun Jun 21 08:46:42 PDT 2009
794016,794016,2326829226,@itwittmyclit I'm jealous. I wanna nerd out ,Thu Jun 25 07:33:59 PDT 2009
862174,862174,1676828825,"@PiKaHsSo Sup fam? Hope you have a GREAT weekend! Keep doing what u do, we appreciate u ",Fri May 01 23:21:14 PDT 2009
870302,870302,1678338430,http://twitpic.com/4eg0i - Before his hair cut. I just wanna kiss that little face all day long ,Sat May 02 06:22:48 PDT 2009
977809,977809,1833773709,@mike_rhodes r u romeo from somewhere? ,Mon May 18 00:24:41 PDT 2009
585138,585138,2215517138,Only problem with Google Chrome: no foxkeh ,Wed Jun 17 18:14:56 PDT 2009
1191506,1191506,1983900381,Figuring out how to live a life where I'm my own boss... fun ,Sun May 31 14:03:18 PDT 2009
1024103,1024103,1883178698,"CAN YOU SAY AFTER 30 HOURS OF TRAVELING IM FINALLY IN ARGENTINA?! yes! oh hello Buenos Aires, how i love you ",Fri May 22 08:08:05 PDT 2009
199568,199568,1971466560,@dawnmcwilliams Saha ,Sat May 30 07:10:44 PDT 2009
239691,239691,1980675679,I don't feel well at all. Dizziness and vomit. No fun ,Sun May 31 07:23:09 PDT 2009
1134664,1134664,1976367812,"I want to drink tonight,, want a cosmopolitan ",Sat May 30 17:10:25 PDT 2009
1559419,1559419,2186061669,@dance2jeffreee I have already watch that video lol ,Mon Jun 15 18:18:01 PDT 2009
717895,717895,2260138053,Everytime she stops talkin or replying for hours or days it is like she's leavin me all over again ,Sat Jun 20 18:43:51 PDT 2009
1328265,1328265,2015490864,is off to work til 4! Happy Hump Day! ,Wed Jun 03 04:48:15 PDT 2009
10969,10969,1551140282,@girl_alex ....  Hope you're okay?,Sat Apr 18 08:15:19 PDT 2009
1479130,1479130,2066608726,"i made 29 updates today, my record xD talk to you tomorrow bye ",Sun Jun 07 10:50:29 PDT 2009
268903,268903,1989502904,@disco_di aww tell me about it!!! its just not the same  hope you have a better day,Mon Jun 01 01:47:07 PDT 2009
999117,999117,1836398634,"@SomeWriter Hey, great minds think alike! ",Mon May 18 07:55:38 PDT 2009
89767,89767,1755473137,Mother's Day is a traditionally time for BBQ here ... unfortunately I don't like BBQ at all  ... but I am also not a mother ;-) ;-),Sun May 10 09:13:45 PDT 2009
1205781,1205781,1986638435,back from school w/ @_gerardo. Making a grocery run w/ @kellan_craddock before celebrating @chadachi's 22nd birthday with a barbeque. ,Sun May 31 19:06:56 PDT 2009
844623,844623,1564088547,Summat to make your laugh today http://budurl.com/beckhams ,Mon Apr 20 01:42:53 PDT 2009
208108,208108,1973640815,"regretting not wearing sunscreen today, spent 6 hours walking round Kew Gardens during a mini heatwave. Healthy glow is an understatement ",Sat May 30 11:32:49 PDT 2009
107306,107306,1823884913,Shot after shot. Alc is lying to me ,Sat May 16 23:18:07 PDT 2009
1207406,1207406,1988700368,@kirstiealley Prizes are good! ,Sun May 31 23:07:21 PDT 2009
1066555,1066555,1965334129,"Everyone follow @JKitsJena because this twitter is fawked, pleeeeease and thank you ",Fri May 29 15:44:13 PDT 2009
227298,227298,1978029758,@ the booptys crib watching chucky 3 with the little one my boopty aint feeling well ,Sat May 30 22:16:00 PDT 2009
298053,298053,1997575423,im off from one job and now im off to my next one. i wish i was rich and didnt have to worry about money. but i have to cuz of my son.   ,Mon Jun 01 17:05:21 PDT 2009
790445,790445,2325661134,"@BT_broadband Ah, well, we're both in the same boat then. I switched because they were throttling the speed every single night. ",Thu Jun 25 05:51:13 PDT 2009
204029,204029,1972511070,and @thedebbyryan http://www.debbyandchrisryanfansite.webs.com/ is WRONG tha page dont found  follow us -we r ur team TEAMofDEBBYRYAN,Sat May 30 09:21:46 PDT 2009
917427,917427,1753484044,@tonyrobbins &quot;paradise is where I am.&quot; he also said ,Sun May 10 01:52:14 PDT 2009
671344,671344,2246835333,@Guitargirl5595 yeah so now i am all bummed cause now i dont have college anymore ,Fri Jun 19 18:11:42 PDT 2009
190233,190233,1969315725,@TomboyTigress  you told me you LIKED my marshmallow fish. *runs off crying*,Fri May 29 23:39:18 PDT 2009
68103,68103,1692676273,is back at the hotel. wifi doesn't reach the room  http://plurk.com/p/rnauu,Sun May 03 20:31:30 PDT 2009
1581178,1581178,2190158719,"Im a very open girl and if you remain respectful, we will have a lot of fun  See my pics here http://sa9.us/HornySophie",Tue Jun 16 01:56:16 PDT 2009
1519397,1519397,2176070956,@jaimeeashley i demand a picture of the red hair please and thankyou ,Mon Jun 15 02:49:50 PDT 2009
1409697,1409697,2056080213,I will try to remember to Twitter from the George Strait concert ,Sat Jun 06 10:29:26 PDT 2009
1406942,1406942,2055431851,going to take some photo and ride my whole new bike~~ ,Sat Jun 06 09:18:17 PDT 2009
286639,286639,1993968866,good afternnon world althought the weather is bad i hate the rainny season ,Mon Jun 01 11:12:26 PDT 2009
1237253,1237253,1992995807,"Hai, anyone wanna hang? ",Mon Jun 01 09:39:44 PDT 2009
490886,490886,2183601340,"@victoriastevens yeah, i've started too ",Mon Jun 15 14:43:51 PDT 2009
1087100,1087100,1969394646,I have got to bid ou all goodnight tweeps. Need to spend more QTwith @Mike103g the miniscule before he leaves for the week ,Fri May 29 23:54:08 PDT 2009
1012163,1012163,1881178628,Tra la la la la!  might make a video later  see if i can be bothered ,Fri May 22 03:51:41 PDT 2009
401325,401325,2057646802,@SamanthaOfUM lol that would tiiiiight but idk about money situation! ,Sat Jun 06 13:23:42 PDT 2009
357686,357686,2044850860,I miss Ashley so much right now ,Fri Jun 05 09:54:17 PDT 2009
1084673,1084673,1969030184,i can't believe this is all part of my detox (it is) because i was so fine and now i'm talking all core wounds! oh my god! jesus help me! ,Fri May 29 22:50:33 PDT 2009
176228,176228,1965277125,is rockin' a minivan til the STi is ready. I miss it already ,Fri May 29 15:38:11 PDT 2009
461836,461836,2174549488,"Sooooo happy right now.  I &lt;3 my old high school friends.  Miss the boy already, though. ",Sun Jun 14 22:47:17 PDT 2009
1219567,1219567,1989961083,"@Young_SoulBlade hey, wassup? ",Mon Jun 01 03:24:55 PDT 2009
605885,605885,2222408016,it seems that I'm going to lose the big #lgp2009's feast   I hope you enjoy it as much as I did!,Thu Jun 18 06:56:31 PDT 2009
119079,119079,1827971957,@Shadows1990 Oh dear  should go out when your better ,Sun May 17 11:49:45 PDT 2009
461071,461071,2174361895,@samantha247 Luckyyyy. I want to ding dong ditch with ya'll. Jealous. ,Sun Jun 14 22:23:41 PDT 2009
1194163,1194163,1984396979,@Remy_Foster LOL I'm in your favourites 3 times!!! ,Sun May 31 15:01:41 PDT 2009
1449397,1449397,2062834819,"@Destini41 Have a safe trip, Desti, and have lots of fun!!! Hope you can tweet us a lot  And give @crystalchappell 4700 kisses from us",Sun Jun 07 00:27:34 PDT 2009
1486419,1486419,2068077199,@ryanstar http://twitpic.com/6ub7v - Great view ,Sun Jun 07 13:27:33 PDT 2009
1359495,1359495,2048473686,mmm taco doritos=heaven in my mouth ,Fri Jun 05 15:15:25 PDT 2009
202974,202974,1972254490,@MandyyJirouxx morning already ,Sat May 30 08:52:39 PDT 2009
1235943,1235943,1992708729,"MTV Movie Awards yesterday: congrats Robert, Kristen, Miley and the Twilight's makers.  &lt;3",Mon Jun 01 09:11:41 PDT 2009
783542,783542,2323944710,http://twitpic.com/8cwzd - the swimming pool of our hotel... that makes me dream of summer... in Vienna we have so far no summer ,Thu Jun 25 01:53:23 PDT 2009
1044967,1044967,1957500362,"Plans for today: Lunch with my darling Leila, getting my hair cut... Ok, that's the good part ",Fri May 29 00:41:49 PDT 2009
1403775,1403775,2054921288,@cocababy202 hahaha it washed all the sick off of me. ,Sat Jun 06 08:20:56 PDT 2009
219246,219246,1976347282,@SasaLoves I'm here princess!  Need to try to eat something before I drink. Still having waves of nausea - I should have napped ,Sat May 30 17:07:42 PDT 2009
805554,805554,1468682784,Issue of Echelon?..Are they behind some Botnets also? ..you can watch...http://tinyurl.com/c8dns8  ah..but dont think like that ,Tue Apr 07 03:08:34 PDT 2009
457316,457316,2071538275,"@IsadoraR hooray for your english being done , but we are screwed for everything else ",Sun Jun 07 19:33:33 PDT 2009
3965,3965,1468713598,No 12-hour coma today. I had a nightmare that shook me awake. ,Tue Apr 07 03:19:20 PDT 2009
1537710,1537710,2179679771,@SenseiRAM We missed you ,Mon Jun 15 09:26:08 PDT 2009
1558447,1558447,2185826149,"@jonasbrothers dear nick jonas, please teach me how to play the glockenspiel. that is just about the coolest instrument name ever. ",Mon Jun 15 17:57:48 PDT 2009
667542,667542,2245640704,3 hours till SD. longest trip ever. Never again. Ate a salad n pasta at dinner n couldn't even finish my pasta. ,Fri Jun 19 16:25:36 PDT 2009
1303376,1303376,2009186643,#goodsex get the itus ,Tue Jun 02 15:17:10 PDT 2009
704393,704393,2256032206,Watching ''The Cleaner'' &amp; taking care of wifey. She's sick. ,Sat Jun 20 12:09:32 PDT 2009
837631,837631,1558824815,Drinking coffee ,Sun Apr 19 09:30:19 PDT 2009
185452,185452,1968028490,Good morning everyone in this twitter world! Bangun jam segini mulu  http://myloc.me/23fl,Fri May 29 20:37:55 PDT 2009
956498,956498,1825241430,"Atlantis &amp; Hubble current location now is above Indonesia. Wave your hand guys, wave!  #fb",Sun May 17 04:56:54 PDT 2009
56060,56060,1685282490,Another loser: i lost the game  http://tinyurl.com/cfz2lj,Sat May 02 23:44:50 PDT 2009
502226,502226,2187454924,stuck at home in Temecula for the night  someone come save me pleaseeeeee!,Mon Jun 15 20:18:22 PDT 2009
904461,904461,1694836461,@rhyanoutrageous thank you ,Mon May 04 04:18:33 PDT 2009
1567592,1567592,2188032046,@MeiNg I'll settle for The Last Lecture by Randy Pausch instead. He is inspirational. ,Mon Jun 15 21:11:21 PDT 2009
29808,29808,1563594698,going to bed.  i wish the hubby had more time off ,Sun Apr 19 23:26:51 PDT 2009
634016,634016,2233185673,David started basic Wednesday and they took his phone for who knows how long... missing his voice and his kisses ,Thu Jun 18 20:57:27 PDT 2009
352385,352385,2030961061,@Curiosafmmb  Dave yeah I prefer David actually!!. Yes he was Bill from Kill Bill. From what Ive hearded he had hung himslef ... ,Thu Jun 04 09:07:44 PDT 2009
742849,742849,2266664279,@d33pak ya...but m missing my &quot;beeryani&quot; on the weekends ,Sun Jun 21 08:53:46 PDT 2009
685994,685994,2250918815,so bored !  i want the Sims to hurry up and download,Sat Jun 20 01:52:41 PDT 2009
670505,670505,2246584191,@persef I would gladly have him back in exchange for my sandwich though ,Fri Jun 19 17:49:06 PDT 2009
1067082,1067082,1965429851,"@Boyislost Ok im gona go  but I dont want to be close with anyone atm, sry if it takes a min to reply im at work so i have to hide twitter",Fri May 29 15:54:26 PDT 2009
235318,235318,1979760226,@aeroform Naptime for me. Can't keep my eyes open. ,Sun May 31 04:23:40 PDT 2009
1086249,1086249,1969287757,"fed up with Windows, so Ubuntu Netbook Remix Edition is now on Kaylee ",Fri May 29 23:34:13 PDT 2009
3316,3316,1468567016,I will never like getting up at 5 am  dumb work schedule.,Tue Apr 07 02:27:28 PDT 2009
659750,659750,2242261813,@DVDeMm Want my Amazon box to arrive.  Probably Royal Mail playing football with it!,Fri Jun 19 11:58:27 PDT 2009
313053,313053,2001663857,"@dougiedaydream well yes but with a trilby, red wayfarers and a vintage casio watch in tow. i thought i looked good. ",Tue Jun 02 01:38:41 PDT 2009
972201,972201,1832353250,@KellyOlexa it is like boxers under pants....It is to be FREE or not to BE FREE!!!! ,Sun May 17 20:40:31 PDT 2009
726707,726707,2262642192,@GoCheeksGo i tried to vote but my phone sucks and wouldn't let me ,Sat Jun 20 22:55:35 PDT 2009
171108,171108,1963113835,@mileycyrus voting has closed ,Fri May 29 12:13:27 PDT 2009
983657,983657,1834313722,@SashaKane - That's a great mood to be in. Do you mind if I borrow it for this week?! ,Mon May 18 02:27:27 PDT 2009
743518,743518,2266869991,@TheRealAD aw poor baby ,Sun Jun 21 09:14:12 PDT 2009
423459,423459,2062878498,Photo: suneoke: saddens me that she’s taken  *tear* lol http://tumblr.com/xgo1z1owl,Sun Jun 07 00:36:12 PDT 2009
946793,946793,1822794494,Then - Brad Paisley ,Sat May 16 20:24:14 PDT 2009
491962,491962,2184010799,giving up on having a job this summer. Managers continue to fail to call me. Looks like its going to be a long broke year. ,Mon Jun 15 15:17:33 PDT 2009
552530,552530,2203419018,Rumours OS 3 being released when Apple employees get into work (9am). Therefore 5pm uk time ,Tue Jun 16 23:41:55 PDT 2009
437176,437176,2065853399,uni. home work ,Sun Jun 07 09:25:12 PDT 2009
794077,794077,2326847847,enjoying my week off...now comes the busy part... ,Thu Jun 25 07:35:26 PDT 2009
1389819,1389819,2053164762,"@BecM49 i am, thanks (: i'll put you in mine ",Sat Jun 06 03:31:42 PDT 2009
1217002,1217002,1989694103,"Checking in  Good morning twitter fam! I'm in Miami, up bright and early, ready to hit the gym! xo",Mon Jun 01 02:28:26 PDT 2009
1060737,1060737,1963551944,@NickHexum Please play Daisy Cutter+Jackpot+the rest of Uplifter in Atlanta. That'd be a pretty good 4th of July. ,Fri May 29 12:53:45 PDT 2009
265381,265381,1988790740,"Bank card fraud victim  $1,600 spent in 24hs. $400 at Celebrities, $400 at Richards on Richards and $800 at Safeway.",Sun May 31 23:23:03 PDT 2009
1461410,1461410,2063932973,has to go. bye  http://plurk.com/p/z2e6x,Sun Jun 07 04:38:07 PDT 2009
1140337,1140337,1977029337,taking a bath..and then go to the chruch!! ,Sat May 30 19:54:56 PDT 2009
42099,42099,1675955820,"not good, not good. ",Fri May 01 20:44:01 PDT 2009
1164065,1164065,1979730471,"@mr_billiam did you get your yabbies and your yobbos mixed up, or something?  ",Sun May 31 04:16:25 PDT 2009
923938,923938,1754848684,@peanut2468 basically i was going 2 go 2 ur casa as soon as i got my license but u wernt home so... ,Sun May 10 07:33:41 PDT 2009
465359,465359,2175335013,cold and flu tablets = EPIC FAIL. they dont even work ,Mon Jun 15 00:42:07 PDT 2009
749907,749907,2285340397,@TheWayIRoll I don't know where is she... but I miss her  ahah goodnight honey! n.n,Mon Jun 22 15:00:35 PDT 2009
89660,89660,1755432031,tired  and beleives early mornings should be illegal!,Sun May 10 09:07:24 PDT 2009
1421786,1421786,2058381483,"@dontforgetchaos aaah, sorry, you know i love you really!! hee hee  ;)",Sat Jun 06 14:49:40 PDT 2009
907334,907334,1695730935,@FredroC1469 most of the time ,Mon May 04 06:49:18 PDT 2009
180256,180256,1966508995,"Oven has been on since 3:15... that's almost 3 hours!  3 loaves (1 cinnamon bread) &amp; 2.5 batches of rolls are baked. scones, not made yet ",Fri May 29 17:53:54 PDT 2009
563406,563406,2205913910,"@Em_Love yes, and FOH played at my friends school  how unfair?",Wed Jun 17 05:40:50 PDT 2009
44355,44355,1676840556,man... I'll miss the JRuby on Google App Engine talk at #railsconf ,Fri May 01 23:24:03 PDT 2009
640440,640440,2234988636,friday night and no 1 to go party wit im a loner in my own country ,Fri Jun 19 00:10:41 PDT 2009
1021602,1021602,1882601021,"@Stella_Holman no, orkut? ",Fri May 22 07:09:46 PDT 2009
173198,173198,1963947107,"oh no, i need new work shoes...i broke this one! ",Fri May 29 13:29:32 PDT 2009
232687,232687,1979218514,@paulpuddifoot your pic/avatar is gone ,Sun May 31 02:06:45 PDT 2009
48090,48090,1677785521,"Ahh, I'm stuck... For my birthday I can either get a new phone (SMSNG Omnia) or I can get a Sky box in my room... HELP! Idk what to doooo ",Sat May 02 03:59:08 PDT 2009
1594180,1594180,2192101038,@jmaxxz sssshhhhh....I run both at work ,Tue Jun 16 06:30:34 PDT 2009
751549,751549,2286110860,Praying! I live like an hour away from where it happened. ,Mon Jun 22 16:00:37 PDT 2009
165773,165773,1961044850,at work  then back to my baby's house ,Fri May 29 08:54:05 PDT 2009
866063,866063,1677553015,going to 3 Horseshoes in Radnage for lunch with friends. Should be good! ,Sat May 02 02:42:05 PDT 2009
235292,235292,1979756812,don't want to do my maths exam tomozz  iv left school for good  why make us come back and do them ,Sun May 31 04:22:48 PDT 2009
1415955,1415955,2057318054,@KatiaDominos lmao yeah it is xD &amp; omg i put joe dancing to single ladies on my ipod!!! ,Sat Jun 06 12:46:43 PDT 2009
753642,753642,2286951445,"F to the Y to the I: I'm now home, but my stupid phone is still @ the office, so don't bother calling or texting me tonight. ",Mon Jun 22 17:08:56 PDT 2009
5057,5057,1468981934,@HURM the way i have been feeling the last few days and nights... i think i have conficker... it tried playing opossum... it didnt work ,Tue Apr 07 04:41:58 PDT 2009
58210,58210,1685845802,I am ill  And that when it's such good weather! Oh my english is so bad ,Sun May 03 02:23:20 PDT 2009
338725,338725,2014496005,out of smokes and broke as a mothafuckerrr ,Wed Jun 03 01:43:34 PDT 2009
757324,757324,2295285892,Sad that @mimigee will no longer be a fixture when i go visit NYC   Good luck at school!,Tue Jun 23 07:43:47 PDT 2009
1126929,1126929,1975105626,About to Hang out with Sadey ,Sat May 30 14:27:34 PDT 2009
758984,758984,2296004026,wtf happened 2 the sun?? its all alex's fault (quote &quot;Wot wud u do if it started pissin it down?&quot;) rain sucks ,Tue Jun 23 08:38:49 PDT 2009
958623,958623,1825796249,"at home, restingg ",Sun May 17 06:51:57 PDT 2009
572257,572257,2209199582,U still waiting for still update! I've been sitting like a mad man all day! ,Wed Jun 17 10:07:26 PDT 2009
568421,568421,2207540493,We can has OS 3 update?.......no we hasn't.   (shakes head and mopes away),Wed Jun 17 08:04:09 PDT 2009
457670,457670,2071652936,need rest but need Michelle ,Sun Jun 07 19:43:40 PDT 2009
763060,763060,2298153222,@tpphotography bonkers isn't it? Pocket calculator + photocell somehow = ££££'s I've been looking for a reasonably priced one but no joy ,Tue Jun 23 11:19:20 PDT 2009
